trials_6.thisRepN,trials_6.thisTrialN,trials_6.thisN,trials_6.thisIndex,trials.thisRepN,trials.thisTrialN,trials.thisN,trials.thisIndex,trials_2.thisRepN,trials_2.thisTrialN,trials_2.thisN,trials_2.thisIndex,trials_3.thisRepN,trials_3.thisTrialN,trials_3.thisN,trials_3.thisIndex,trials_4.thisRepN,trials_4.thisTrialN,trials_4.thisN,trials_4.thisIndex,trials_5.thisRepN,trials_5.thisTrialN,trials_5.thisN,trials_5.thisIndex,text_6.started,text_6.stopped,button_2.started,button_2.stopped,button_2.numClicks,button_2.timesOn,button_2.timesOff,key_resp_11.keys,key_resp_11.rt,key_resp_11.started,key_resp_11.stopped,text_8.started,text_8.stopped,text_4.started,text_4.stopped,button.started,button.stopped,button.numClicks,button.timesOn,button.timesOff,key_resp_12.keys,key_resp_12.rt,key_resp_12.started,key_resp_12.stopped,text_7.started,text_7.stopped,key_resp_8.keys,key_resp_8.rt,key_resp_8.started,key_resp_8.stopped,sound_31.started,sound_31.stopped,text_10.started,text_10.stopped,image.started,image.stopped,polygon_26.started,polygon_26.stopped,sound_26.started,sound_26.stopped,polygon_27.started,polygon_27.stopped,sound_27.started,sound_27.stopped,polygon_28.started,polygon_28.stopped,sound_28.started,sound_28.stopped,polygon_29.started,polygon_29.stopped,sound_29.started,sound_29.stopped,key_resp_10.keys,key_resp_10.corr,key_resp_10.rt,key_resp_10.started,key_resp_10.stopped,polygon_30.started,polygon_30.stopped,sound_30.started,sound_30.stopped,text.started,text.stopped,key_resp_2.keys,key_resp_2.corr,key_resp_2.rt,key_resp_2.started,key_resp_2.stopped,polygon_31.started,polygon_31.stopped,polygon.started,polygon.stopped,sound_1.started,sound_1.stopped,polygon_3.started,polygon_3.stopped,sound_2.started,sound_2.stopped,polygon_4.started,polygon_4.stopped,sound_3.started,sound_3.stopped,polygon_2.started,polygon_2.stopped,key_resp.keys,key_resp.corr,key_resp.rt,key_resp.started,key_resp.stopped,sound_4.started,sound_4.stopped,polygon_5.started,polygon_5.stopped,sound_5.started,sound_5.stopped,text_2.started,text_2.stopped,key_resp_3.keys,key_resp_3.corr,key_resp_3.rt,key_resp_3.started,key_resp_3.stopped,polygon_6.started,polygon_6.stopped,sound_6.started,sound_6.stopped,polygon_7.started,polygon_7.stopped,sound_7.started,sound_7.stopped,polygon_8.started,polygon_8.stopped,sound_8.started,sound_8.stopped,polygon_9.started,polygon_9.stopped,key_resp_4.keys,key_resp_4.corr,key_resp_4.rt,key_resp_4.started,key_resp_4.stopped,sound_9.started,sound_9.stopped,polygon_24.started,polygon_24.stopped,sound_24.started,sound_24.stopped,polygon_10.started,polygon_10.stopped,sound_10.started,sound_10.stopped,polygon_11.started,polygon_11.stopped,sound_11.started,sound_11.stopped,polygon_12.started,polygon_12.stopped,sound_12.started,sound_12.stopped,polygon_13.started,polygon_13.stopped,key_resp_5.keys,key_resp_5.corr,key_resp_5.rt,key_resp_5.started,key_resp_5.stopped,sound_13.started,sound_13.stopped,polygon_25.started,polygon_25.stopped,sound_25.started,sound_25.stopped,polygon_14.started,polygon_14.stopped,sound_14.started,sound_14.stopped,polygon_15.started,polygon_15.stopped,sound_15.started,sound_15.stopped,polygon_16.started,polygon_16.stopped,sound_16.started,sound_16.stopped,sound_17.started,sound_17.stopped,polygon_17.started,polygon_17.stopped,key_resp_6.keys,key_resp_6.corr,key_resp_6.rt,key_resp_6.started,key_resp_6.stopped,polygon_18.started,polygon_18.stopped,sound_18.started,sound_18.stopped,polygon_19.started,polygon_19.stopped,sound_19.started,sound_19.stopped,polygon_20.started,polygon_20.stopped,sound_20.started,sound_20.stopped,polygon_21.started,polygon_21.stopped,sound_21.started,sound_21.stopped,polygon_22.started,polygon_22.stopped,sound_22.started,sound_22.stopped,key_resp_7.keys,key_resp_7.corr,key_resp_7.rt,key_resp_7.started,key_resp_7.stopped,polygon_23.started,polygon_23.stopped,sound_23.started,sound_23.stopped,text_3.started,text_3.stopped,participant,session,date,expName,psychopyVersion,frameRate,
,,,,,,,,,,,,,,,,,,,,,,,,29.383059365998633,None,29.383059365998633,None,0,,,space,12.771096771000884,30.37116928999967,None,,,,,,,,,,,,,,,,,,,,,,,,,,,,,,,,,,,,,,,,,,,,,,,,,,,,,,,,,,,,,,,,,,,,,,,,,,,,,,,,,,,,,,,,,,,,,,,,,,,,,,,,,,,,,,,,,,,,,,,,,,,,,,,,,,,,,,,,,,,,,,,,,,,,,,,,,,,,,,,,,,,,,,,,,,,,,,,,,,,,,,,,,,,,,,,,,,013,001,2022-05-21_15h04.20.095,Trial_Exp,2022.1.2,59.97258832969073,
,,,,,,,,,,,,,,,,,,,,,,,,,,,,,,,,,,,43.15675575599744,None,58.15562624599988,None,58.15562624599988,None,0,,,space,5.913417138999648,59.11783644299794,None,,,,,,,,,,,,,,,,,,,,,,,,,,,,,,,,,,,,,,,,,,,,,,,,,,,,,,,,,,,,,,,,,,,,,,,,,,,,,,,,,,,,,,,,,,,,,,,,,,,,,,,,,,,,,,,,,,,,,,,,,,,,,,,,,,,,,,,,,,,,,,,,,,,,,,,,,,,,,,,,,,,,,,,,,,,,,,,,,,,,,013,001,2022-05-21_15h04.20.095,Trial_Exp,2022.1.2,59.97258832969073,
,,,,,,,,,,,,,,,,,,,,,,,,,,,,,,,,,,,,,,,,,,,,,,,,65.05264106100003,None,space,191.70959697099897,65.05264106100003,None,,,,,,,,,,,,,,,,,,,,,,,,,,,,,,,,,,,,,,,,,,,,,,,,,,,,,,,,,,,,,,,,,,,,,,,,,,,,,,,,,,,,,,,,,,,,,,,,,,,,,,,,,,,,,,,,,,,,,,,,,,,,,,,,,,,,,,,,,,,,,,,,,,,,,,,,,,,,,,,,,,,,,,,,,,,,,,,013,001,2022-05-21_15h04.20.095,Trial_Exp,2022.1.2,59.97258832969073,
0,0,0,0,,,,,,,,,,,,,,,,,,,,,,,,,,,,,,,,,,,,,,,,,,,,,,,,,,,65.04792654799785,66.05019621499741,65.05264106100003,None,65.05264106100003,None,256.78253949200007,None,256.7857965479987,None,261.7876340599978,None,261.7876263979986,None,265.7889954539969,None,265.7897711929971,None,269.79040230699684,None,269.7903134719989,None,lshift,1,2.6008357110004,269.79040230699684,None,272.4239792949993,None,272.4264200129972,273.44074796199857,,,,,,,,,,,,,,,,,,,,,,,,,,,,,,,,,,,,,,,,,,,,,,,,,,,,,,,,,,,,,,,,,,,,,,,,,,,,,,,,,,,,,,,,,,,,,,,,,,,,,,,,,,,,,,,,,,,,,,,,,,,,,,,,,,,,,,,,,,,,,,,,013,001,2022-05-21_15h04.20.095,Trial_Exp,2022.1.2,59.97258832969073,
1,0,1,0,,,,,,,,,,,,,,,,,,,,,,,,,,,,,,,,,,,,,,,,,,,,,,,,,,,,,,,,,279.42689830400195,None,279.4265355689957,None,284.4278053960006,None,284.42788379799714,None,288.416617568997,None,288.42758475999545,None,292.4298053829989,None,292.4296138000016,None,rshift,1,1.1004518900008406,292.4298053829989,None,293.54624164899724,None,293.5505622939989,294.56415394099895,,,,,,,,,,,,,,,,,,,,,,,,,,,,,,,,,,,,,,,,,,,,,,,,,,,,,,,,,,,,,,,,,,,,,,,,,,,,,,,,,,,,,,,,,,,,,,,,,,,,,,,,,,,,,,,,,,,,,,,,,,,,,,,,,,,,,,,,,,,,,,,,013,001,2022-05-21_15h04.20.095,Trial_Exp,2022.1.2,59.97258832969073,
2,0,2,0,,,,,,,,,,,,,,,,,,,,,,,,,,,,,,,,,,,,,,,,,,,,,,,,,,,,,,,,,300.5489494860012,None,300.548998451998,None,305.55040929299867,None,305.55033592100045,None,309.5450803249987,None,309.55586096999724,None,313.55325099999754,None,313.55332282099954,None,lshift,1,1.0189916809977149,313.55325099999754,None,314.6047982589953,None,314.6034461789994,315.6031987509996,,,,,,,,,,,,,,,,,,,,,,,,,,,,,,,,,,,,,,,,,,,,,,,,,,,,,,,,,,,,,,,,,,,,,,,,,,,,,,,,,,,,,,,,,,,,,,,,,,,,,,,,,,,,,,,,,,,,,,,,,,,,,,,,,,,,,,,,,,,,,,,,013,001,2022-05-21_15h04.20.095,Trial_Exp,2022.1.2,59.97258832969073,
3,0,3,0,,,,,,,,,,,,,,,,,,,,,,,,,,,,,,,,,,,,,,,,,,,,,,,,,,,,,,,,,321.606561321998,None,321.60487215099675,None,326.6064191059995,None,326.6064140629995,None,330.6077057779985,None,330.6076991370017,None,334.60909847899893,None,334.60914278099773,None,rshift,1,0.691164125004434,334.60909847899893,None,335.3258457589982,None,335.32576216099807,336.32593229199847,,,,,,,,,,,,,,,,,,,,,,,,,,,,,,,,,,,,,,,,,,,,,,,,,,,,,,,,,,,,,,,,,,,,,,,,,,,,,,,,,,,,,,,,,,,,,,,,,,,,,,,,,,,,,,,,,,,,,,,,,,,,,,,,,,,,,,,,,,,,,,,,013,001,2022-05-21_15h04.20.095,Trial_Exp,2022.1.2,59.97258832969073,
,,,,,,,,,,,,,,,,,,,,,,,,,,,,,,,,,,,,,,,,,,,,,,,,,,,,,,,,,,,,,,,,,,,,,,,,,,,,,,,,,,,,,342.33376128999953,None,space,0,15.203496400004951,342.33376128999953,None,,,,,,,,,,,,,,,,,,,,,,,,,,,,,,,,,,,,,,,,,,,,,,,,,,,,,,,,,,,,,,,,,,,,,,,,,,,,,,,,,,,,,,,,,,,,,,,,,,,,,,,,,,,,,,,,,,,,,,,,,,,,,,,,,,,,,,,,,013,001,2022-05-21_15h04.20.095,Trial_Exp,2022.1.2,59.97258832969073,
,,,,0,0,0,0,,,,,,,,,,,,,,,,,,,,,,,,,,,,,,,,,,,,,,,,,,,,,,,,,,,,,,,,,,,,,,,,,,,,,,,,,,,,,,,,,,,,,357.565113345001,None,363.30673799399665,None,363.316690663997,None,367.55986003200087,None,367.5701338609986,None,371.57619284500106,None,371.586742160999,None,375.33724268199876,None,rshift,1,0.5379967410044628,375.33724268199876,None,375.3372235180021,None,376.1482445750007,None,376.1565580669965,None,,,,,,,,,,,,,,,,,,,,,,,,,,,,,,,,,,,,,,,,,,,,,,,,,,,,,,,,,,,,,,,,,,,,,,,,,,,,,,,,,,,,,,,,,,,,,,,,,,,,,,,,,,,,,,013,001,2022-05-21_15h04.20.095,Trial_Exp,2022.1.2,59.97258832969073,
,,,,1,0,1,0,,,,,,,,,,,,,,,,,,,,,,,,,,,,,,,,,,,,,,,,,,,,,,,,,,,,,,,,,,,,,,,,,,,,,,,,,,,,,,,,,,,,,,,383.39884298999823,None,383.40605236899574,None,389.64971281900216,None,389.6604522530004,None,393.6669746529951,None,393.67542699599727,None,397.42658805300016,None,rshift,1,0.5016595370034338,397.42658805300016,None,397.42662449399614,None,398.2027139499987,None,398.2110548919998,None,,,,,,,,,,,,,,,,,,,,,,,,,,,,,,,,,,,,,,,,,,,,,,,,,,,,,,,,,,,,,,,,,,,,,,,,,,,,,,,,,,,,,,,,,,,,,,,,,,,,,,,,,,,,,,013,001,2022-05-21_15h04.20.095,Trial_Exp,2022.1.2,59.97258832969073,
,,,,2,0,2,0,,,,,,,,,,,,,,,,,,,,,,,,,,,,,,,,,,,,,,,,,,,,,,,,,,,,,,,,,,,,,,,,,,,,,,,,,,,,,,,,,,,,,,,405.4598535499972,None,405.46194555299445,None,407.70437803599634,None,407.71297540300003,None,411.7042593449951,None,411.714260147998,None,415.465419897002,None,rshift,1,0.743829350998567,415.465419897002,None,415.4654883279971,None,416.47350959399773,None,416.48223158299953,None,,,,,,,,,,,,,,,,,,,,,,,,,,,,,,,,,,,,,,,,,,,,,,,,,,,,,,,,,,,,,,,,,,,,,,,,,,,,,,,,,,,,,,,,,,,,,,,,,,,,,,,,,,,,,,013,001,2022-05-21_15h04.20.095,Trial_Exp,2022.1.2,59.97258832969073,
,,,,3,0,3,0,,,,,,,,,,,,,,,,,,,,,,,,,,,,,,,,,,,,,,,,,,,,,,,,,,,,,,,,,,,,,,,,,,,,,,,,,,,,,,,,,,,,,,,423.73084884200216,None,423.7340163919915,None,425.9797996299967,None,425.99020392999665,None,429.9935561050006,None,430.0034955939962,None,433.73644259799767,None,lshift,1,0.6097985890010023,433.73644259799767,None,433.74141749400115,None,434.61230205099855,None,434.62104915200035,None,,,,,,,,,,,,,,,,,,,,,,,,,,,,,,,,,,,,,,,,,,,,,,,,,,,,,,,,,,,,,,,,,,,,,,,,,,,,,,,,,,,,,,,,,,,,,,,,,,,,,,,,,,,,,,013,001,2022-05-21_15h04.20.095,Trial_Exp,2022.1.2,59.97258832969073,
,,,,4,0,4,0,,,,,,,,,,,,,,,,,,,,,,,,,,,,,,,,,,,,,,,,,,,,,,,,,,,,,,,,,,,,,,,,,,,,,,,,,,,,,,,,,,,,,,,444.8667961300016,None,444.8734823669918,None,449.1141930119993,None,449.1245936940002,None,453.11600567899586,None,453.1262046289965,None,456.87722827399557,None,lshift,0,0.8260121060011443,456.87722827399557,None,456.87721707499696,None,457.9717357549962,None,457.9774381189971,None,,,,,,,,,,,,,,,,,,,,,,,,,,,,,,,,,,,,,,,,,,,,,,,,,,,,,,,,,,,,,,,,,,,,,,,,,,,,,,,,,,,,,,,,,,,,,,,,,,,,,,,,,,,,,,013,001,2022-05-21_15h04.20.095,Trial_Exp,2022.1.2,59.97258832969073,
,,,,5,0,5,0,,,,,,,,,,,,,,,,,,,,,,,,,,,,,,,,,,,,,,,,,,,,,,,,,,,,,,,,,,,,,,,,,,,,,,,,,,,,,,,,,,,,,,,466.221582938997,None,466.23005723899115,None,472.4711942110007,None,472.481629712999,None,476.4739237929971,None,476.4832056610001,None,480.2357432380013,None,lshift,1,0.5835109260005993,480.2357432380013,None,480.2363088480004,None,481.07763188699755,None,481.0864611900004,None,,,,,,,,,,,,,,,,,,,,,,,,,,,,,,,,,,,,,,,,,,,,,,,,,,,,,,,,,,,,,,,,,,,,,,,,,,,,,,,,,,,,,,,,,,,,,,,,,,,,,,,,,,,,,,013,001,2022-05-21_15h04.20.095,Trial_Exp,2022.1.2,59.97258832969073,
,,,,6,0,6,0,,,,,,,,,,,,,,,,,,,,,,,,,,,,,,,,,,,,,,,,,,,,,,,,,,,,,,,,,,,,,,,,,,,,,,,,,,,,,,,,,,,,,,,488.3402226409962,None,488.33690902399104,None,491.5931015690003,None,491.6038036949947,None,495.5970777449984,None,495.6052300559939,None,499.35653702999844,None,lshift,1,0.7737115259951679,499.35653702999844,None,499.357349904002,None,500.3972100999963,None,500.4065835080008,None,,,,,,,,,,,,,,,,,,,,,,,,,,,,,,,,,,,,,,,,,,,,,,,,,,,,,,,,,,,,,,,,,,,,,,,,,,,,,,,,,,,,,,,,,,,,,,,,,,,,,,,,,,,,,,013,001,2022-05-21_15h04.20.095,Trial_Exp,2022.1.2,59.97258832969073,
,,,,7,0,7,0,,,,,,,,,,,,,,,,,,,,,,,,,,,,,,,,,,,,,,,,,,,,,,,,,,,,,,,,,,,,,,,,,,,,,,,,,,,,,,,,,,,,,,,507.6508933369987,None,507.6587202679919,None,510.8987291519952,None,510.9094825029941,None,514.9005554100004,None,514.9108633580006,None,518.6612636540012,None,rshift,1,0.7659783659983077,518.6612636540012,None,518.661373755999,None,519.6876514600008,None,519.6956723649971,None,,,,,,,,,,,,,,,,,,,,,,,,,,,,,,,,,,,,,,,,,,,,,,,,,,,,,,,,,,,,,,,,,,,,,,,,,,,,,,,,,,,,,,,,,,,,,,,,,,,,,,,,,,,,,,013,001,2022-05-21_15h04.20.095,Trial_Exp,2022.1.2,59.97258832969073,
,,,,8,0,8,0,,,,,,,,,,,,,,,,,,,,,,,,,,,,,,,,,,,,,,,,,,,,,,,,,,,,,,,,,,,,,,,,,,,,,,,,,,,,,,,,,,,,,,,530.9466947830006,None,530.9488313439913,None,536.1891856579969,None,536.2000178689966,None,540.1929547050022,None,540.2032823519955,None,543.953215966998,None,lshift,1,0.781029177000164,543.953215966998,None,543.9531828279967,None,544.9942109249969,None,545.0034372799971,None,,,,,,,,,,,,,,,,,,,,,,,,,,,,,,,,,,,,,,,,,,,,,,,,,,,,,,,,,,,,,,,,,,,,,,,,,,,,,,,,,,,,,,,,,,,,,,,,,,,,,,,,,,,,,,013,001,2022-05-21_15h04.20.095,Trial_Exp,2022.1.2,59.97258832969073,
,,,,9,0,9,0,,,,,,,,,,,,,,,,,,,,,,,,,,,,,,,,,,,,,,,,,,,,,,,,,,,,,,,,,,,,,,,,,,,,,,,,,,,,,,,,,,,,,,,556.2480072280014,None,556.2560947439895,None,559.4955506479964,None,559.5062235689954,None,563.4970537170011,None,563.5075685119998,None,567.2588463060019,None,lshift,1,0.93141106999974,567.2588463060019,None,567.2589515140014,None,568.4508726560016,None,568.4591510289945,None,,,,,,,,,,,,,,,,,,,,,,,,,,,,,,,,,,,,,,,,,,,,,,,,,,,,,,,,,,,,,,,,,,,,,,,,,,,,,,,,,,,,,,,,,,,,,,,,,,,,,,,,,,,,,,013,001,2022-05-21_15h04.20.095,Trial_Exp,2022.1.2,59.97258832969073,
,,,,10,0,10,0,,,,,,,,,,,,,,,,,,,,,,,,,,,,,,,,,,,,,,,,,,,,,,,,,,,,,,,,,,,,,,,,,,,,,,,,,,,,,,,,,,,,,,,576.7081830409952,None,576.7118763839942,None,580.9539578269978,None,580.963141609999,None,584.9560599019969,None,584.9644614799952,None,588.7147977369968,None,rshift,1,0.8444612810053513,588.7147977369968,None,588.7147564610011,None,589.8231943509963,None,589.832432123,None,,,,,,,,,,,,,,,,,,,,,,,,,,,,,,,,,,,,,,,,,,,,,,,,,,,,,,,,,,,,,,,,,,,,,,,,,,,,,,,,,,,,,,,,,,,,,,,,,,,,,,,,,,,,,,013,001,2022-05-21_15h04.20.095,Trial_Exp,2022.1.2,59.97258832969073,
,,,,,,,,,,,,,,,,,,,,,,,,,,,,,,,,,,,,,,,,,,,,,,,,,,,,,,,,,,,,,,,,,,,,,,,,,,,,,,,,,,,,,,,,,,,,,,,,,,,,,,,,,,,,,,,,,,,,,,,599.3281406530004,None,space,0,18.347128901004908,599.3281406530004,None,,,,,,,,,,,,,,,,,,,,,,,,,,,,,,,,,,,,,,,,,,,,,,,,,,,,,,,,,,,,,,,,,,,,,,,,,,,,,,,,,,,,,,,,,,,,,,,,,,,,,,,013,001,2022-05-21_15h04.20.095,Trial_Exp,2022.1.2,59.97258832969073,
,,,,,,,,0,0,0,0,,,,,,,,,,,,,,,,,,,,,,,,,,,,,,,,,,,,,,,,,,,,,,,,,,,,,,,,,,,,,,,,,,,,,,,,,,,,,,,,,617.7074628819973,None,,,,,,,,,,,,,,,,,,,,,,,,,,,,,,,,,624.1999539390017,None,624.2086524159884,None,630.203909156,None,630.2110879499912,None,634.2201002439979,None,634.2306336329955,None,638.2024693179992,None,lshift,1,1.302755401993636,638.2024693179992,None,638.2126436359929,None,640.5224112099968,None,640.5303047819932,None,,,,,,,,,,,,,,,,,,,,,,,,,,,,,,,,,,,,,,,,,,,,,,,,,,,,,,,,,,,,,,,,,,,,,,,,,,,,,,013,001,2022-05-21_15h04.20.095,Trial_Exp,2022.1.2,59.97258832969073,
,,,,,,,,1,0,1,0,,,,,,,,,,,,,,,,,,,,,,,,,,,,,,,,,,,,,,,,,,,,,,,,,,,,,,,,,,,,,,,,,,,,,,,,,,,,,,,,,,,,,,,,,,,,,,,,,,,,,,,,,,,,,,,,,,,649.5245787460008,None,649.5326225099877,None,652.5224213719994,None,652.5334950639906,None,656.527371709999,None,656.5371178319936,None,660.5276575129974,None,rshift,1,0.8315963820059551,660.5276575129974,None,660.5368415489963,None,662.3776850919967,None,662.3870254959936,None,,,,,,,,,,,,,,,,,,,,,,,,,,,,,,,,,,,,,,,,,,,,,,,,,,,,,,,,,,,,,,,,,,,,,,,,,,,,,,013,001,2022-05-21_15h04.20.095,Trial_Exp,2022.1.2,59.97258832969073,
,,,,,,,,2,0,2,0,,,,,,,,,,,,,,,,,,,,,,,,,,,,,,,,,,,,,,,,,,,,,,,,,,,,,,,,,,,,,,,,,,,,,,,,,,,,,,,,,,,,,,,,,,,,,,,,,,,,,,,,,,,,,,,,,,,673.3819101619956,None,673.3895428819912,None,678.3804831000016,None,678.3910117129951,None,682.3812629999957,None,682.392027684992,None,686.3835222249982,None,rshift,1,0.6547269110014895,686.3835222249982,None,686.3934766189948,None,688.0543612449983,None,688.0630221379931,None,,,,,,,,,,,,,,,,,,,,,,,,,,,,,,,,,,,,,,,,,,,,,,,,,,,,,,,,,,,,,,,,,,,,,,,,,,,,,,013,001,2022-05-21_15h04.20.095,Trial_Exp,2022.1.2,59.97258832969073,
,,,,,,,,3,0,3,0,,,,,,,,,,,,,,,,,,,,,,,,,,,,,,,,,,,,,,,,,,,,,,,,,,,,,,,,,,,,,,,,,,,,,,,,,,,,,,,,,,,,,,,,,,,,,,,,,,,,,,,,,,,,,,,,,,,696.0544274919957,None,696.0616258839898,None,699.0538552110011,None,699.0632117059965,None,703.0572651749972,None,703.0646356229943,None,707.0551690239954,None,lshift,1,0.8480668859992875,707.0551690239954,None,707.0659333059909,None,708.9237633359953,None,708.9327914449921,None,,,,,,,,,,,,,,,,,,,,,,,,,,,,,,,,,,,,,,,,,,,,,,,,,,,,,,,,,,,,,,,,,,,,,,,,,,,,,,013,001,2022-05-21_15h04.20.095,Trial_Exp,2022.1.2,59.97258832969073,
,,,,,,,,4,0,4,0,,,,,,,,,,,,,,,,,,,,,,,,,,,,,,,,,,,,,,,,,,,,,,,,,,,,,,,,,,,,,,,,,,,,,,,,,,,,,,,,,,,,,,,,,,,,,,,,,,,,,,,,,,,,,,,,,,,719.9284339270016,None,719.9371305789925,None,724.9259433600018,None,724.9371231309949,None,728.9280488410004,None,728.9385810929914,None,732.9290577749998,None,rshift,1,1.0351940940017812,732.9290577749998,None,732.9399892909958,None,734.9808654340013,None,734.9901939819927,None,,,,,,,,,,,,,,,,,,,,,,,,,,,,,,,,,,,,,,,,,,,,,,,,,,,,,,,,,,,,,,,,,,,,,,,,,,,,,,013,001,2022-05-21_15h04.20.095,Trial_Exp,2022.1.2,59.97258832969073,
,,,,,,,,5,0,5,0,,,,,,,,,,,,,,,,,,,,,,,,,,,,,,,,,,,,,,,,,,,,,,,,,,,,,,,,,,,,,,,,,,,,,,,,,,,,,,,,,,,,,,,,,,,,,,,,,,,,,,,,,,,,,,,,,,,743.9858845929994,None,743.9931451529872,None,748.9830805269958,None,748.9943619109933,None,752.9860352760006,None,752.9958453059905,None,756.9879151509958,None,lshift,1,0.7913329360017087,756.9879151509958,None,756.9969255389904,None,758.7878691939986,None,758.7971692989911,None,,,,,,,,,,,,,,,,,,,,,,,,,,,,,,,,,,,,,,,,,,,,,,,,,,,,,,,,,,,,,,,,,,,,,,,,,,,,,,013,001,2022-05-21_15h04.20.095,Trial_Exp,2022.1.2,59.97258832969073,
,,,,,,,,6,0,6,0,,,,,,,,,,,,,,,,,,,,,,,,,,,,,,,,,,,,,,,,,,,,,,,,,,,,,,,,,,,,,,,,,,,,,,,,,,,,,,,,,,,,,,,,,,,,,,,,,,,,,,,,,,,,,,,,,,,767.7946196939956,None,767.8000455259923,None,772.7925198209996,None,772.8034834389935,None,776.811421073995,None,776.820251434993,None,780.7949457579962,None,lshift,1,0.7753119249973679,780.7949457579962,None,780.8057399489942,None,782.5782634159987,None,782.5874794409926,None,,,,,,,,,,,,,,,,,,,,,,,,,,,,,,,,,,,,,,,,,,,,,,,,,,,,,,,,,,,,,,,,,,,,,,,,,,,,,,013,001,2022-05-21_15h04.20.095,Trial_Exp,2022.1.2,59.97258832969073,
,,,,,,,,7,0,7,0,,,,,,,,,,,,,,,,,,,,,,,,,,,,,,,,,,,,,,,,,,,,,,,,,,,,,,,,,,,,,,,,,,,,,,,,,,,,,,,,,,,,,,,,,,,,,,,,,,,,,,,,,,,,,,,,,,,792.5835790509955,None,792.5908221779925,None,798.5810244659951,None,798.5921277879922,None,802.5833097599971,None,802.5934131099955,None,806.5835756730012,None,rshift,1,1.3176778350025415,806.5835756730012,None,806.5946805499941,None,808.9200815439981,None,808.928353455997,None,,,,,,,,,,,,,,,,,,,,,,,,,,,,,,,,,,,,,,,,,,,,,,,,,,,,,,,,,,,,,,,,,,,,,,,,,,,,,,013,001,2022-05-21_15h04.20.095,Trial_Exp,2022.1.2,59.97258832969073,
,,,,,,,,8,0,8,0,,,,,,,,,,,,,,,,,,,,,,,,,,,,,,,,,,,,,,,,,,,,,,,,,,,,,,,,,,,,,,,,,,,,,,,,,,,,,,,,,,,,,,,,,,,,,,,,,,,,,,,,,,,,,,,,,,,816.9288057779995,None,816.9314767459898,None,820.921786122999,None,820.9323315779936,None,824.9384560229955,None,824.9494555089939,None,828.9232951919985,None,lshift,1,0.7949567609975929,828.9232951919985,None,828.9340569779913,None,830.7275596359977,None,830.7366541059916,None,,,,,,,,,,,,,,,,,,,,,,,,,,,,,,,,,,,,,,,,,,,,,,,,,,,,,,,,,,,,,,,,,,,,,,,,,,,,,,013,001,2022-05-21_15h04.20.095,Trial_Exp,2022.1.2,59.97258832969073,
,,,,,,,,9,0,9,0,,,,,,,,,,,,,,,,,,,,,,,,,,,,,,,,,,,,,,,,,,,,,,,,,,,,,,,,,,,,,,,,,,,,,,,,,,,,,,,,,,,,,,,,,,,,,,,,,,,,,,,,,,,,,,,,,,,838.7309351369986,None,838.7381087189885,None,841.7273915569967,None,841.7382030769902,None,845.7306990829966,None,845.7394771989955,None,849.7299074819966,None,rshift,1,0.886335548995703,849.7299074819966,None,849.7399235889923,None,851.6313460079982,None,851.6409419719955,None,,,,,,,,,,,,,,,,,,,,,,,,,,,,,,,,,,,,,,,,,,,,,,,,,,,,,,,,,,,,,,,,,,,,,,,,,,,,,,013,001,2022-05-21_15h04.20.095,Trial_Exp,2022.1.2,59.97258832969073,
,,,,,,,,10,0,10,0,,,,,,,,,,,,,,,,,,,,,,,,,,,,,,,,,,,,,,,,,,,,,,,,,,,,,,,,,,,,,,,,,,,,,,,,,,,,,,,,,,,,,,,,,,,,,,,,,,,,,,,,,,,,,,,,,,,860.630064363002,None,860.6323744969875,None,865.6362615460021,None,865.6450730589956,None,869.6364077479957,None,869.645722649994,None,873.637648046999,None,rshift,1,0.9496121810007025,873.637648046999,None,873.6469480809926,None,875.605146447997,None,875.6147215079934,None,,,,,,,,,,,,,,,,,,,,,,,,,,,,,,,,,,,,,,,,,,,,,,,,,,,,,,,,,,,,,,,,,,,,,,,,,,,,,,013,001,2022-05-21_15h04.20.095,Trial_Exp,2022.1.2,59.97258832969073,
,,,,,,,,,,,,,,,,,,,,,,,,,,,,,,,,,,,,,,,,,,,,,,,,,,,,,,,,,,,,,,,,,,,,,,,,,,,,,,,,,,,,,,,,,,,,,,,,,,,,,,,,,,,,,,,,,,,,,,,885.1091457939983,None,space,0,28.27509168600227,885.1091457939983,None,,,,,,,,,,,,,,,,,,,,,,,,,,,,,,,,,,,,,,,,,,,,,,,,,,,,,,,,,,,,,,,,,,,,,,,,,,,,,,,,,,,,,,,,,,,,,,,,,,,,,,,013,001,2022-05-21_15h04.20.095,Trial_Exp,2022.1.2,59.97258832969073,
,,,,,,,,,,,,0,0,0,0,,,,,,,,,,,,,,,,,,,,,,,,,,,,,,,,,,,,,,,,,,,,,,,,,,,,,,,,,,,,,,,,,,,,,,,,,,,,,913.4075599749995,None,,,,,,,,,,,,,,,,,,,,,,,,,,,,,,,,,,,,,,,,,,,,,,,,,,,,,,,,,,919.9025685570014,None,919.910708640992,None,925.9034746100006,None,925.9125324609947,None,929.9208714349952,None,929.9318682429973,None,933.9042769309963,None,lshift,0,0.9839768160018139,933.9042769309963,None,933.9142028369922,None,935.906533333,None,935.9154542829954,None,,,,,,,,,,,,,,,,,,,,,,,,,,,,,,,,,,,,,,,,,,,,,,,,,,,,,013,001,2022-05-21_15h04.20.095,Trial_Exp,2022.1.2,59.97258832969073,
,,,,,,,,,,,,1,0,1,0,,,,,,,,,,,,,,,,,,,,,,,,,,,,,,,,,,,,,,,,,,,,,,,,,,,,,,,,,,,,,,,,,,,,,,,,,,,,,,,,,,,,,,,,,,,,,,,,,,,,,,,,,,,,,,,,,,,,,,,,,,,,,,,,,,,,,,,,943.9086764899985,None,943.9172871079888,None,950.9092307429964,None,950.9202941599967,None,954.9263100569951,None,954.9369999659928,None,958.9114695300013,None,lshift,1,1.3287816049996763,958.9114695300013,None,958.9213464669908,None,961.2637636079962,None,961.2725698669917,None,,,,,,,,,,,,,,,,,,,,,,,,,,,,,,,,,,,,,,,,,,,,,,,,,,,,,013,001,2022-05-21_15h04.20.095,Trial_Exp,2022.1.2,59.97258832969073,
,,,,,,,,,,,,2,0,2,0,,,,,,,,,,,,,,,,,,,,,,,,,,,,,,,,,,,,,,,,,,,,,,,,,,,,,,,,,,,,,,,,,,,,,,,,,,,,,,,,,,,,,,,,,,,,,,,,,,,,,,,,,,,,,,,,,,,,,,,,,,,,,,,,,,,,,,,,969.2737661479987,None,969.2746546349906,None,974.2659714699985,None,974.276124901992,None,978.2677158139995,None,978.277032512992,None,982.2676873320015,None,rshift,1,1.4565540100011276,982.2676873320015,None,982.2785009949973,None,984.7404438519952,None,984.7455398209956,None,,,,,,,,,,,,,,,,,,,,,,,,,,,,,,,,,,,,,,,,,,,,,,,,,,,,,013,001,2022-05-21_15h04.20.095,Trial_Exp,2022.1.2,59.97258832969073,
,,,,,,,,,,,,3,0,3,0,,,,,,,,,,,,,,,,,,,,,,,,,,,,,,,,,,,,,,,,,,,,,,,,,,,,,,,,,,,,,,,,,,,,,,,,,,,,,,,,,,,,,,,,,,,,,,,,,,,,,,,,,,,,,,,,,,,,,,,,,,,,,,,,,,,,,,,,992.7458372330002,None,992.748232757988,None,996.7384655400019,None,996.7493519369916,None,1000.7400070479998,None,1000.7506090519917,None,1004.7394445960017,None,rshift,1,1.1928014059958514,1004.7394445960017,None,1004.7504654479951,None,1006.9442728060021,None,1006.9535557709921,None,,,,,,,,,,,,,,,,,,,,,,,,,,,,,,,,,,,,,,,,,,,,,,,,,,,,,013,001,2022-05-21_15h04.20.095,Trial_Exp,2022.1.2,59.97258832969073,
,,,,,,,,,,,,4,0,4,0,,,,,,,,,,,,,,,,,,,,,,,,,,,,,,,,,,,,,,,,,,,,,,,,,,,,,,,,,,,,,,,,,,,,,,,,,,,,,,,,,,,,,,,,,,,,,,,,,,,,,,,,,,,,,,,,,,,,,,,,,,,,,,,,,,,,,,,,1018.9565225510014,None,1018.955555596988,None,1025.954526632995,None,1025.957865300991,None,1029.9475293020005,None,1029.958526829995,None,1033.9486155990016,None,lshift,1,1.1336419130020658,1033.9486155990016,None,1033.9596037449908,None,1036.1015789320008,None,1036.1109198449947,None,,,,,,,,,,,,,,,,,,,,,,,,,,,,,,,,,,,,,,,,,,,,,,,,,,,,,013,001,2022-05-21_15h04.20.095,Trial_Exp,2022.1.2,59.97258832969073,
,,,,,,,,,,,,5,0,5,0,,,,,,,,,,,,,,,,,,,,,,,,,,,,,,,,,,,,,,,,,,,,,,,,,,,,,,,,,,,,,,,,,,,,,,,,,,,,,,,,,,,,,,,,,,,,,,,,,,,,,,,,,,,,,,,,,,,,,,,,,,,,,,,,,,,,,,,,1044.1054667569988,None,1044.11288161699,None,1049.1043572209965,None,1049.1141362169972,None,1053.1045176449989,None,1053.1156418419948,None,1057.1063244659963,None,rshift,1,1.2609209299989743,1057.1063244659963,None,1057.1167082839918,None,1059.3773456589988,None,1059.3857069749963,None,,,,,,,,,,,,,,,,,,,,,,,,,,,,,,,,,,,,,,,,,,,,,,,,,,,,,013,001,2022-05-21_15h04.20.095,Trial_Exp,2022.1.2,59.97258832969073,
,,,,,,,,,,,,6,0,6,0,,,,,,,,,,,,,,,,,,,,,,,,,,,,,,,,,,,,,,,,,,,,,,,,,,,,,,,,,,,,,,,,,,,,,,,,,,,,,,,,,,,,,,,,,,,,,,,,,,,,,,,,,,,,,,,,,,,,,,,,,,,,,,,,,,,,,,,,1071.3806006099985,None,1071.3872153259897,None,1076.378050829997,None,1076.3889579439954,None,1080.379522078998,None,1080.3900109219928,None,1084.3800863239958,None,rshift,1,1.1790883840003517,1084.3800863239958,None,1084.3908891599956,None,1086.5876926810015,None,1086.5959750169957,None,,,,,,,,,,,,,,,,,,,,,,,,,,,,,,,,,,,,,,,,,,,,,,,,,,,,,013,001,2022-05-21_15h04.20.095,Trial_Exp,2022.1.2,59.97258832969073,
,,,,,,,,,,,,7,0,7,0,,,,,,,,,,,,,,,,,,,,,,,,,,,,,,,,,,,,,,,,,,,,,,,,,,,,,,,,,,,,,,,,,,,,,,,,,,,,,,,,,,,,,,,,,,,,,,,,,,,,,,,,,,,,,,,,,,,,,,,,,,,,,,,,,,,,,,,,1097.5876603479992,None,1097.5951660969902,None,1100.5875769589984,None,1100.5961517279964,None,1104.5916462199966,None,1104.6004505119952,None,1108.5877805729979,None,rshift,1,0.9134602789999917,1108.5877805729979,None,1108.5978880199934,None,1110.522900414995,None,1110.532411100993,None,,,,,,,,,,,,,,,,,,,,,,,,,,,,,,,,,,,,,,,,,,,,,,,,,,,,,013,001,2022-05-21_15h04.20.095,Trial_Exp,2022.1.2,59.97258832969073,
,,,,,,,,,,,,8,0,8,0,,,,,,,,,,,,,,,,,,,,,,,,,,,,,,,,,,,,,,,,,,,,,,,,,,,,,,,,,,,,,,,,,,,,,,,,,,,,,,,,,,,,,,,,,,,,,,,,,,,,,,,,,,,,,,,,,,,,,,,,,,,,,,,,,,,,,,,,1119.5410784289998,None,1119.5526365709861,None,1126.5426432879976,None,1126.5533731069906,None,1130.5490423070005,None,1130.5566082679968,None,1134.5442611089966,None,lshift,1,0.772989097997197,1134.5442611089966,None,1134.5545176719922,None,1136.330390723997,None,1136.3396318299954,None,,,,,,,,,,,,,,,,,,,,,,,,,,,,,,,,,,,,,,,,,,,,,,,,,,,,,013,001,2022-05-21_15h04.20.095,Trial_Exp,2022.1.2,59.97258832969073,
,,,,,,,,,,,,9,0,9,0,,,,,,,,,,,,,,,,,,,,,,,,,,,,,,,,,,,,,,,,,,,,,,,,,,,,,,,,,,,,,,,,,,,,,,,,,,,,,,,,,,,,,,,,,,,,,,,,,,,,,,,,,,,,,,,,,,,,,,,,,,,,,,,,,,,,,,,,1146.338085972995,None,1146.3409457289915,None,1153.333789102995,None,1153.3441505789913,None,1157.3377089739952,None,1157.345517930992,None,1161.3379928979994,None,lshift,1,0.9202544130021124,1161.3379928979994,None,1161.3468093659928,None,1163.272108512996,None,1163.2803727119924,None,,,,,,,,,,,,,,,,,,,,,,,,,,,,,,,,,,,,,,,,,,,,,,,,,,,,,013,001,2022-05-21_15h04.20.095,Trial_Exp,2022.1.2,59.97258832969073,
,,,,,,,,,,,,10,0,10,0,,,,,,,,,,,,,,,,,,,,,,,,,,,,,,,,,,,,,,,,,,,,,,,,,,,,,,,,,,,,,,,,,,,,,,,,,,,,,,,,,,,,,,,,,,,,,,,,,,,,,,,,,,,,,,,,,,,,,,,,,,,,,,,,,,,,,,,,1173.2879507729958,None,1173.2833891819926,None,1177.2930111570022,None,1177.3037739209929,None,1181.310797127997,None,1181.3202904679954,None,1185.309455568,None,lshift,1,0.5417937400052324,1185.309455568,None,1185.3202717359916,None,1186.8616089790012,None,1186.870497653991,None,,,,,,,,,,,,,,,,,,,,,,,,,,,,,,,,,,,,,,,,,,,,,,,,,,,,,013,001,2022-05-21_15h04.20.095,Trial_Exp,2022.1.2,59.97258832969073,
,,,,,,,,,,,,,,,,,,,,,,,,,,,,,,,,,,,,,,,,,,,,,,,,,,,,,,,,,,,,,,,,,,,,,,,,,,,,,,,,,,,,,,,,,,,,,,,,,,,,,,,,,,,,,,,,,,,,,,,1194.366710960996,None,space,0,35.42253660600545,1194.366710960996,None,,,,,,,,,,,,,,,,,,,,,,,,,,,,,,,,,,,,,,,,,,,,,,,,,,,,,,,,,,,,,,,,,,,,,,,,,,,,,,,,,,,,,,,,,,,,,,,,,,,,,,,013,001,2022-05-21_15h04.20.095,Trial_Exp,2022.1.2,59.97258832969073,
,,,,,,,,,,,,,,,,0,0,0,0,,,,,,,,,,,,,,,,,,,,,,,,,,,,,,,,,,,,,,,,,,,,,,,,,,,,,,,,,,,,,,,,,,,,,,,,,1229.8165585940005,None,,,,,,,,,,,,,,,,,,,,,,,,,,,,,,,,,,,,,,,,,,,,,,,,,,,,,,,,,,,,,,,,,,,,,,,,,,,,,,,,,,,1236.316222927002,None,1236.3203795249926,None,1240.309511032996,None,1240.3202201669944,None,1244.3268647299992,None,1244.3371206829931,None,1248.3213940369922,None,1248.3111834349984,None,rshift,1,0.618055724997248,1248.3111834349984,None,1249.9470401719955,None,1249.9555249539942,1250.9565039070003,,,,,,,,,,,,,,,,,,,,,,,,,,,,013,001,2022-05-21_15h04.20.095,Trial_Exp,2022.1.2,59.97258832969073,
,,,,,,,,,,,,,,,,1,0,1,0,,,,,,,,,,,,,,,,,,,,,,,,,,,,,,,,,,,,,,,,,,,,,,,,,,,,,,,,,,,,,,,,,,,,,,,,,,,,,,,,,,,,,,,,,,,,,,,,,,,,,,,,,,,,,,,,,,,,,,,,,,,,,,,,,,,,,,,,,,,,,,,,,,,,,,,,,,,,,1260.9565343270006,None,1260.9574455709906,None,1267.9501702349953,None,1267.9606113369907,None,1271.9508641229986,None,1271.9619194209906,None,1275.9631875879957,None,1275.9535014909998,None,lshift,1,0.6807676899989019,1275.9535014909998,None,1277.6552507980014,None,1277.6634099269966,1278.6634276979967,,,,,,,,,,,,,,,,,,,,,,,,,,,,013,001,2022-05-21_15h04.20.095,Trial_Exp,2022.1.2,59.97258832969073,
,,,,,,,,,,,,,,,,2,0,2,0,,,,,,,,,,,,,,,,,,,,,,,,,,,,,,,,,,,,,,,,,,,,,,,,,,,,,,,,,,,,,,,,,,,,,,,,,,,,,,,,,,,,,,,,,,,,,,,,,,,,,,,,,,,,,,,,,,,,,,,,,,,,,,,,,,,,,,,,,,,,,,,,,,,,,,,,,,,,,1286.6578516899972,None,1286.6662473869899,None,1292.6566026500004,None,1292.6676295029927,None,1296.6585892349976,None,1296.6691436039935,None,1300.6703486279973,None,1300.6595083630018,None,lshift,1,0.6647293479982181,1300.6595083630018,None,1302.344131361002,None,1302.3536337999928,1303.353833232999,,,,,,,,,,,,,,,,,,,,,,,,,,,,013,001,2022-05-21_15h04.20.095,Trial_Exp,2022.1.2,59.97258832969073,
,,,,,,,,,,,,,,,,3,0,3,0,,,,,,,,,,,,,,,,,,,,,,,,,,,,,,,,,,,,,,,,,,,,,,,,,,,,,,,,,,,,,,,,,,,,,,,,,,,,,,,,,,,,,,,,,,,,,,,,,,,,,,,,,,,,,,,,,,,,,,,,,,,,,,,,,,,,,,,,,,,,,,,,,,,,,,,,,,,,,1310.3569449040006,None,1310.3557191059906,None,1317.3472139169971,None,1317.3581195889954,None,1321.3485239919974,None,1321.359570462994,None,1325.359906895991,None,1325.348996157998,None,rshift,1,1.3782474399995408,1325.348996157998,None,1327.7364288269964,None,1327.7444019419952,1328.744390132997,,,,,,,,,,,,,,,,,,,,,,,,,,,,013,001,2022-05-21_15h04.20.095,Trial_Exp,2022.1.2,59.97258832969073,
,,,,,,,,,,,,,,,,4,0,4,0,,,,,,,,,,,,,,,,,,,,,,,,,,,,,,,,,,,,,,,,,,,,,,,,,,,,,,,,,,,,,,,,,,,,,,,,,,,,,,,,,,,,,,,,,,,,,,,,,,,,,,,,,,,,,,,,,,,,,,,,,,,,,,,,,,,,,,,,,,,,,,,,,,,,,,,,,,,,,1335.7394536680004,None,1335.7464052109888,None,1338.7376770990013,None,1338.747458210996,None,1342.7401016450021,None,1342.7486758729963,None,1346.7500936769964,None,1346.739258264999,None,lshift,1,0.671989570997539,1346.739258264999,None,1348.4247567019993,None,1348.433579660991,1349.433713956998,,,,,,,,,,,,,,,,,,,,,,,,,,,,013,001,2022-05-21_15h04.20.095,Trial_Exp,2022.1.2,59.97258832969073,
,,,,,,,,,,,,,,,,5,0,5,0,,,,,,,,,,,,,,,,,,,,,,,,,,,,,,,,,,,,,,,,,,,,,,,,,,,,,,,,,,,,,,,,,,,,,,,,,,,,,,,,,,,,,,,,,,,,,,,,,,,,,,,,,,,,,,,,,,,,,,,,,,,,,,,,,,,,,,,,,,,,,,,,,,,,,,,,,,,,,1359.433139310997,None,1359.43720649899,None,1366.4284171580002,None,1366.4391319589947,None,1370.4464615710021,None,1370.4562506279933,None,1374.441676593992,None,1374.4306431239966,None,rshift,1,0.6116026780000539,1374.4306431239966,None,1376.0658056329994,None,1376.0754844609935,1377.0756664889996,,,,,,,,,,,,,,,,,,,,,,,,,,,,013,001,2022-05-21_15h04.20.095,Trial_Exp,2022.1.2,59.97258832969073,
,,,,,,,,,,,,,,,,6,0,6,0,,,,,,,,,,,,,,,,,,,,,,,,,,,,,,,,,,,,,,,,,,,,,,,,,,,,,,,,,,,,,,,,,,,,,,,,,,,,,,,,,,,,,,,,,,,,,,,,,,,,,,,,,,,,,,,,,,,,,,,,,,,,,,,,,,,,,,,,,,,,,,,,,,,,,,,,,,,,,1388.0747952329984,None,1388.0786112289886,None,1391.0702054529975,None,1391.0796309039968,None,1395.0704519360006,None,1395.0801061309928,None,1399.0814217329923,None,1399.0713282459983,None,lshift,1,0.7079171320001478,1399.0713282459983,None,1400.7894900550018,None,1400.7991639849959,1401.799018824997,,,,,,,,,,,,,,,,,,,,,,,,,,,,013,001,2022-05-21_15h04.20.095,Trial_Exp,2022.1.2,59.97258832969073,
,,,,,,,,,,,,,,,,7,0,7,0,,,,,,,,,,,,,,,,,,,,,,,,,,,,,,,,,,,,,,,,,,,,,,,,,,,,,,,,,,,,,,,,,,,,,,,,,,,,,,,,,,,,,,,,,,,,,,,,,,,,,,,,,,,,,,,,,,,,,,,,,,,,,,,,,,,,,,,,,,,,,,,,,,,,,,,,,,,,,1412.804764376,None,1412.8039534359875,None,1415.7937403799951,None,1415.8044036179951,None,1419.8137079459993,None,1419.8224886209962,None,1423.8052550899909,None,1423.7944391529963,None,rshift,1,0.6048089489995618,1423.7944391529963,None,1425.4133358539984,None,1425.4221806159937,1426.4228636499975,,,,,,,,,,,,,,,,,,,,,,,,,,,,013,001,2022-05-21_15h04.20.095,Trial_Exp,2022.1.2,59.97258832969073,
,,,,,,,,,,,,,,,,8,0,8,0,,,,,,,,,,,,,,,,,,,,,,,,,,,,,,,,,,,,,,,,,,,,,,,,,,,,,,,,,,,,,,,,,,,,,,,,,,,,,,,,,,,,,,,,,,,,,,,,,,,,,,,,,,,,,,,,,,,,,,,,,,,,,,,,,,,,,,,,,,,,,,,,,,,,,,,,,,,,,1434.421080520995,None,1434.428734260992,None,1440.4168779999964,None,1440.4275651259911,None,1444.421053387996,None,1444.4316475279945,None,1448.4291034349906,None,1448.4208119519972,None,rshift,1,1.0544376879988704,1448.4208119519972,None,1450.4878399259978,None,1450.4959066309918,1451.4967451810007,,,,,,,,,,,,,,,,,,,,,,,,,,,,013,001,2022-05-21_15h04.20.095,Trial_Exp,2022.1.2,59.97258832969073,
,,,,,,,,,,,,,,,,9,0,9,0,,,,,,,,,,,,,,,,,,,,,,,,,,,,,,,,,,,,,,,,,,,,,,,,,,,,,,,,,,,,,,,,,,,,,,,,,,,,,,,,,,,,,,,,,,,,,,,,,,,,,,,,,,,,,,,,,,,,,,,,,,,,,,,,,,,,,,,,,,,,,,,,,,,,,,,,,,,,,1458.4919536769958,None,1458.4987395939922,None,1462.488751154,None,1462.4998296499932,None,1466.4914377640016,None,1466.5026261929913,None,1470.5037041349958,None,1470.493289979,None,lshift,0,0.8539511540002422,1470.493289979,None,1472.363222863998,None,1472.3702650039947,1473.3701233729953,,,,,,,,,,,,,,,,,,,,,,,,,,,,013,001,2022-05-21_15h04.20.095,Trial_Exp,2022.1.2,59.97258832969073,
,,,,,,,,,,,,,,,,10,0,10,0,,,,,,,,,,,,,,,,,,,,,,,,,,,,,,,,,,,,,,,,,,,,,,,,,,,,,,,,,,,,,,,,,,,,,,,,,,,,,,,,,,,,,,,,,,,,,,,,,,,,,,,,,,,,,,,,,,,,,,,,,,,,,,,,,,,,,,,,,,,,,,,,,,,,,,,,,,,,,1482.371960986995,None,1482.3748606079923,None,1485.3617283929998,None,1485.3725776109957,None,1489.3633623279966,None,1489.3739942649943,None,1493.375294014996,None,1493.364647108996,None,lshift,1,1.7595957000012277,1493.364647108996,None,1496.1338058670008,None,1496.1431812369945,1497.145583460995,,,,,,,,,,,,,,,,,,,,,,,,,,,,013,001,2022-05-21_15h04.20.095,Trial_Exp,2022.1.2,59.97258832969073,
,,,,,,,,,,,,,,,,,,,,,,,,,,,,,,,,,,,,,,,,,,,,,,,,,,,,,,,,,,,,,,,,,,,,,,,,,,,,,,,,,,,,,,,,,,,,,,,,,,,,,,,,,,,,,,,,,,,,,,,1506.6379567999975,None,space,0,49.7742913270049,1506.6379567999975,None,,,,,,,,,,,,,,,,,,,,,,,,,,,,,,,,,,,,,,,,,,,,,,,,,,,,,,,,,,,,,,,,,,,,,,,,,,,,,,,,,,,,,,,,,,,,,,,,,,,,,,,013,001,2022-05-21_15h04.20.095,Trial_Exp,2022.1.2,59.97258832969073,
,,,,,,,,,,,,,,,,,,,,0,0,0,0,,,,,,,,,,,,,,,,,,,,,,,,,,,,,,,,,,,,,,,,,,,,,,,,,,,,,,,,,,,,,,,,,,,,,1556.4436701779996,None,,,,,,,,,,,,,,,,,,,,,,,,,,,,,,,,,,,,,,,,,,,,,,,,,,,,,,,,,,,,,,,,,,,,,,,,,,,,,,,,,,,,,,,,,,,,,,,,,,,,,,,,,,,,1562.940336474996,None,1562.9455096249937,None,1566.937603295999,None,1566.9468847249907,None,1570.9385531449952,None,1570.9481633079947,None,1574.9378466479975,None,1574.9476353119924,None,lshift,1,1.250408552994486,1574.9378466479975,None,1577.2077863349987,None,1577.2161308979946,None,,,013,001,2022-05-21_15h04.20.095,Trial_Exp,2022.1.2,59.97258832969073,
,,,,,,,,,,,,,,,,,,,,1,0,1,0,,,,,,,,,,,,,,,,,,,,,,,,,,,,,,,,,,,,,,,,,,,,,,,,,,,,,,,,,,,,,,,,,,,,,,,,,,,,,,,,,,,,,,,,,,,,,,,,,,,,,,,,,,,,,,,,,,,,,,,,,,,,,,,,,,,,,,,,,,,,,,,,,,,,,,,,,,,,,,,,,,,,,,,,,,,,,,,,,,1586.2126445449976,None,1586.2203666079902,None,1593.2095721709993,None,1593.2205334449925,None,1597.213430994998,None,1597.2221103919971,None,1601.2126795529985,None,1601.2235793349926,None,rshift,1,0.7995674630001304,1601.2126795529985,None,1603.0306317669965,None,1603.0402918549905,None,,,013,001,2022-05-21_15h04.20.095,Trial_Exp,2022.1.2,59.97258832969073,
,,,,,,,,,,,,,,,,,,,,2,0,2,0,,,,,,,,,,,,,,,,,,,,,,,,,,,,,,,,,,,,,,,,,,,,,,,,,,,,,,,,,,,,,,,,,,,,,,,,,,,,,,,,,,,,,,,,,,,,,,,,,,,,,,,,,,,,,,,,,,,,,,,,,,,,,,,,,,,,,,,,,,,,,,,,,,,,,,,,,,,,,,,,,,,,,,,,,,,,,,,,,,1612.0371665999992,None,1612.0432635599889,None,1617.0335298470018,None,1617.0445264089965,None,1621.0377030620002,None,1621.047383999993,None,1625.0341429379987,None,1625.0455054959918,None,rshift,1,1.1290993700022227,1625.0341429379987,None,1627.1733994899987,None,1627.1807036979906,None,,,013,001,2022-05-21_15h04.20.095,Trial_Exp,2022.1.2,59.97258832969073,
,,,,,,,,,,,,,,,,,,,,3,0,3,0,,,,,,,,,,,,,,,,,,,,,,,,,,,,,,,,,,,,,,,,,,,,,,,,,,,,,,,,,,,,,,,,,,,,,,,,,,,,,,,,,,,,,,,,,,,,,,,,,,,,,,,,,,,,,,,,,,,,,,,,,,,,,,,,,,,,,,,,,,,,,,,,,,,,,,,,,,,,,,,,,,,,,,,,,,,,,,,,,,1635.1818118459996,None,1635.1817367919891,None,1640.1729610129987,None,1640.1839200929924,None,1644.1760020239963,None,1644.1868467299962,None,1648.1765275380021,None,1648.186993207996,None,lshift,1,0.8657104870071635,1648.1765275380021,None,1650.060575450996,None,1650.0702900119966,None,,,013,001,2022-05-21_15h04.20.095,Trial_Exp,2022.1.2,59.97258832969073,
,,,,,,,,,,,,,,,,,,,,4,0,4,0,,,,,,,,,,,,,,,,,,,,,,,,,,,,,,,,,,,,,,,,,,,,,,,,,,,,,,,,,,,,,,,,,,,,,,,,,,,,,,,,,,,,,,,,,,,,,,,,,,,,,,,,,,,,,,,,,,,,,,,,,,,,,,,,,,,,,,,,,,,,,,,,,,,,,,,,,,,,,,,,,,,,,,,,,,,,,,,,,,1662.0751130979988,None,1662.074257799987,None,1665.0713175650017,None,1665.080471418997,None,1669.0822067949994,None,1669.092442799995,None,1673.0830005629978,None,1673.0936908559913,None,rshift,1,0.8422467909986153,1673.0830005629978,None,1674.9346142709983,None,1674.943913614991,None,,,013,001,2022-05-21_15h04.20.095,Trial_Exp,2022.1.2,59.97258832969073,
,,,,,,,,,,,,,,,,,,,,5,0,5,0,,,,,,,,,,,,,,,,,,,,,,,,,,,,,,,,,,,,,,,,,,,,,,,,,,,,,,,,,,,,,,,,,,,,,,,,,,,,,,,,,,,,,,,,,,,,,,,,,,,,,,,,,,,,,,,,,,,,,,,,,,,,,,,,,,,,,,,,,,,,,,,,,,,,,,,,,,,,,,,,,,,,,,,,,,,,,,,,,,1682.945908542999,None,1682.946752196988,None,1689.9415000699955,None,1689.948188153993,None,1693.938736311,None,1693.9495960909942,None,1697.9435525669978,None,1697.9542185539929,None,rshift,1,0.6186985719978111,1697.9435525669978,None,1699.576793731998,None,1699.5858788879948,None,,,013,001,2022-05-21_15h04.20.095,Trial_Exp,2022.1.2,59.97258832969073,
,,,,,,,,,,,,,,,,,,,,6,0,6,0,,,,,,,,,,,,,,,,,,,,,,,,,,,,,,,,,,,,,,,,,,,,,,,,,,,,,,,,,,,,,,,,,,,,,,,,,,,,,,,,,,,,,,,,,,,,,,,,,,,,,,,,,,,,,,,,,,,,,,,,,,,,,,,,,,,,,,,,,,,,,,,,,,,,,,,,,,,,,,,,,,,,,,,,,,,,,,,,,,1709.5798537469964,None,1709.5872229539916,None,1715.5780906020009,None,1715.5889879219928,None,1719.5811661539992,None,1719.5901814889974,None,1723.5807514049957,None,1723.5914029739968,None,rshift,1,0.6164992799967877,1723.5807514049957,None,1725.2166270870002,None,1725.2250252779947,None,,,013,001,2022-05-21_15h04.20.095,Trial_Exp,2022.1.2,59.97258832969073,
,,,,,,,,,,,,,,,,,,,,7,0,7,0,,,,,,,,,,,,,,,,,,,,,,,,,,,,,,,,,,,,,,,,,,,,,,,,,,,,,,,,,,,,,,,,,,,,,,,,,,,,,,,,,,,,,,,,,,,,,,,,,,,,,,,,,,,,,,,,,,,,,,,,,,,,,,,,,,,,,,,,,,,,,,,,,,,,,,,,,,,,,,,,,,,,,,,,,,,,,,,,,,1734.2205838169975,None,1734.227902904992,None,1741.221028287,None,1741.2303091449965,None,1745.237632571996,None,1745.2474829589944,None,1749.221373045002,None,1749.2321798269938,None,lshift,1,0.78787598299823,1749.221373045002,None,1751.0280895879987,None,1751.0366095969973,None,,,013,001,2022-05-21_15h04.20.095,Trial_Exp,2022.1.2,59.97258832969073,
,,,,,,,,,,,,,,,,,,,,8,0,8,0,,,,,,,,,,,,,,,,,,,,,,,,,,,,,,,,,,,,,,,,,,,,,,,,,,,,,,,,,,,,,,,,,,,,,,,,,,,,,,,,,,,,,,,,,,,,,,,,,,,,,,,,,,,,,,,,,,,,,,,,,,,,,,,,,,,,,,,,,,,,,,,,,,,,,,,,,,,,,,,,,,,,,,,,,,,,,,,,,,1763.0391152509983,None,1763.0373171439885,None,1766.0435393840016,None,1766.0541418719902,None,1770.060660737996,None,1770.0711727149926,None,1774.045129377002,None,1774.0559409129953,None,lshift,1,1.0281124070024816,1774.045129377002,None,1776.082686902002,None,1776.0904304279927,None,,,013,001,2022-05-21_15h04.20.095,Trial_Exp,2022.1.2,59.97258832969073,
,,,,,,,,,,,,,,,,,,,,9,0,9,0,,,,,,,,,,,,,,,,,,,,,,,,,,,,,,,,,,,,,,,,,,,,,,,,,,,,,,,,,,,,,,,,,,,,,,,,,,,,,,,,,,,,,,,,,,,,,,,,,,,,,,,,,,,,,,,,,,,,,,,,,,,,,,,,,,,,,,,,,,,,,,,,,,,,,,,,,,,,,,,,,,,,,,,,,,,,,,,,,,1787.0898719929974,None,1787.0934373799926,None,1792.0840290229971,None,1792.0947537649943,None,1796.087569119998,None,1796.0961683909943,None,1800.087077409,None,1800.0966313689958,None,lshift,1,0.4871700489966315,1800.087077409,None,1801.5897338930008,None,1801.599260655991,None,,,013,001,2022-05-21_15h04.20.095,Trial_Exp,2022.1.2,59.97258832969073,
,,,,,,,,,,,,,,,,,,,,10,0,10,0,,,,,,,,,,,,,,,,,,,,,,,,,,,,,,,,,,,,,,,,,,,,,,,,,,,,,,,,,,,,,,,,,,,,,,,,,,,,,,,,,,,,,,,,,,,,,,,,,,,,,,,,,,,,,,,,,,,,,,,,,,,,,,,,,,,,,,,,,,,,,,,,,,,,,,,,,,,,,,,,,,,,,,,,,,,,,,,,,,1812.592875096998,None,1812.6007027159892,None,1818.5927026060017,None,1818.6036231699934,None,1822.5930369369962,None,1822.6043212749962,None,1826.5938219109958,None,1826.6046800669963,None,lshift,0,1.1024382949981373,1826.5938219109958,None,1828.714358751,None,1828.721834132996,None,,,013,001,2022-05-21_15h04.20.095,Trial_Exp,2022.1.2,59.97258832969073,
,,,,,,,,,,,,,,,,,,,,,,,,,,,,,,,,,,,,,,,,,,,,,,,,,,,,,,,,,,,,,,,,,,,,,,,,,,,,,,,,,,,,,,,,,,,,,,,,,,,,,,,,,,,,,,,,,,,,,,,,,,,,,,,,,,,,,,,,,,,,,,,,,,,,,,,,,,,,,,,,,,,,,,,,,,,,,,,,,,,,,,,,,,,,,,,,,,,,,,,,,,,,,,,,,,,,,,,,,,,,,,,,,,1835.2181854509981,None,,,,,,,
